<?xml version="1.0" encoding="UTF-8"?>
<project version="4">
  <component name="AutoImportSettings">
    <option name="autoReloadType" value="SELECTIVE" />
  </component>
  <component name="ChangeListManager">
    <list default="true" id="0405c64c-e9b8-4182-9ac1-3d961f1271e8" name="Changes" comment="" />
    <option name="SHOW_DIALOG" value="false" />
    <option name="HIGHLIGHT_CONFLICTS" value="true" />
    <option name="HIGHLIGHT_NON_ACTIVE_CHANGELIST" value="false" />
    <option name="LAST_RESOLUTION" value="IGNORE" />
  </component>
  <component name="HighlightingSettingsPerFile">
    <setting file="file://$PROJECT_DIR$/main.py" root0="SKIP_INSPECTION" />
  </component>
  <component name="ProblemsViewState">
    <option name="selectedTabId" value="CurrentFile" />
  </component>
  <component name="ProjectColorInfo">{
  &quot;associatedIndex&quot;: 0
}</component>
  <component name="ProjectId" id="38TSOzOM9fGUIuB4TEpi840PB1L" />
  <component name="ProjectViewState">
    <option name="hideEmptyMiddlePackages" value="true" />
    <option name="showLibraryContents" value="true" />
  </component>
  <component name="PropertiesComponent">{
  &quot;keyToString&quot;: {
    &quot;ModuleVcsDetector.initialDetectionPerformed&quot;: &quot;true&quot;,
    &quot;Python.main.executor&quot;: &quot;Run&quot;,
    &quot;RunOnceActivity.ShowReadmeOnStart&quot;: &quot;true&quot;,
    &quot;RunOnceActivity.TerminalTabsStorage.copyFrom.TerminalArrangementManager.252&quot;: &quot;true&quot;,
    &quot;RunOnceActivity.typescript.service.memoryLimit.init&quot;: &quot;true&quot;,
    &quot;ai.playground.ignore.import.keys.banner.in.settings&quot;: &quot;true&quot;,
    &quot;ignore.virus.scanning.warn.message&quot;: &quot;true&quot;,
    &quot;last_opened_file_path&quot;: &quot;D:/Документы Uter/Учеба/3 курс/5 семестр/Инженерная и компьютерная графика/лаба/Labs_SvetloDV&quot;,
    &quot;node.js.detected.package.eslint&quot;: &quot;true&quot;,
    &quot;node.js.detected.package.tslint&quot;: &quot;true&quot;,
    &quot;node.js.selected.package.eslint&quot;: &quot;(autodetect)&quot;,
    &quot;node.js.selected.package.tslint&quot;: &quot;(autodetect)&quot;,
    &quot;nodejs_package_manager_path&quot;: &quot;npm&quot;,
    &quot;vue.rearranger.settings.migration&quot;: &quot;true&quot;
  }
}</component>
  <component name="SharedIndexes">
    <attachedChunks>
      <set>
        <option value="bundled-js-predefined-d6986cc7102b-9b0f141eb926-JavaScript-PY-253.29346.308" />
        <option value="bundled-python-sdk-ca5e2b39c7df-6e1f45a539f7-com.jetbrains.pycharm.pro.sharedIndexes.bundled-PY-253.29346.308" />
      </set>
    </attachedChunks>
  </component>
  <component name="TaskManager">
    <task active="true" id="Default" summary="Default task">
      <changelist id="0405c64c-e9b8-4182-9ac1-3d961f1271e8" name="Changes" comment="" />
      <created>1768822039576</created>
      <option name="number" value="Default" />
      <option name="presentableId" value="Default" />
      <updated>1768822039576</updated>
      <workItem from="1768822040690" duration="472000" />
      <workItem from="1768822549528" duration="5323000" />
      <workItem from="1768842799068" duration="876000" />
      <workItem from="1768844713984" duration="2134000" />
    </task>
    <servers />
  </component>
  <component name="TypeScriptGeneratedFilesManager">
    <option name="version" value="3" />
  </component>
  <component name="XDebuggerManager">
    <breakpoint-manager>
      <default-breakpoints>
        <breakpoint type="python-exception">
          <properties notifyOnTerminate="true" exception="BaseException">
            <option name="notifyOnTerminate" value="true" />
          </properties>
        </breakpoint>
      </default-breakpoints>
    </breakpoint-manager>
  </component>
  <component name="com.intellij.coverage.CoverageDataManagerImpl">
    <SUITE FILE_PATH="coverage/Labs_SvetloDV$main.coverage" NAME="main Coverage Results" MODIFIED="1768847925684" SOURCE_PROVIDER="com.intellij.coverage.DefaultCoverageFileProvider" RUNNER="coverage.py" COVERAGE_BY_TEST_ENABLED="false" COVERAGE_TRACING_ENABLED="false" WORKING_DIRECTORY="$PROJECT_DIR$" />
  </component>
</project>